{
  "project_info": {
    "project_number": "719409100396",
    "firebase_url": "https://activity-management-818d3.firebaseio.com",
    "project_id": "activity-management-818d3",
    "storage_bucket": "activity-management-818d3.appspot.com"
  },
  "client": [
    {
      "client_info": {
        "mobilesdk_app_id": "1:719409100396:android:308337b3d614000ccc0a49",
        "android_client_info": {
          "package_name": "com.kennen.activitymanagement"
        }
      },
      "oauth_client": [
        {
          "client_id": "719409100396-jbp99l86855j5d0e57m9ldo4m93ol0f0.apps.googleusercontent.com",
          "client_type": 3
        }
      ],
      "api_key": [
        {
          "current_key": "AIzaSyDFyZTZV14rVtG3bsygaOfj364aah-tjj8"
        }
      ],
      "services": {
        "appinvite_service": {
          "other_platform_oauth_client": [
            {
              "client_id": "719409100396-jbp99l86855j5d0e57m9ldo4m93ol0f0.apps.googleusercontent.com",
              "client_type": 3
            }
          ]
        }
      }
    }
  ],
  "configuration_version": "1"
}